bin_left,bin_center,bin_right,count
0.0,0.05,0.1,278
0.1,0.15000000000000002,0.2,850
0.2,0.25,0.30000000000000004,1467
0.30000000000000004,0.35000000000000003,0.4,1892
0.4,0.45,0.5,2288
0.5,0.55,0.6000000000000001,2718
0.6000000000000001,0.6500000000000001,0.7000000000000001,2864
0.7000000000000001,0.75,0.8,3057
0.8,0.8500000000000001,0.9,2963
0.9,0.95,1.0,2814
1.0,1.05,1.1,2795
1.1,1.1500000000000001,1.2000000000000002,2513
1.2000000000000002,1.25,1.3,2302
1.3,1.35,1.4000000000000001,2044
1.4000000000000001,1.4500000000000002,1.5,1694
1.5,1.55,1.6,1503
1.6,1.6500000000000001,1.7000000000000002,1245
1.7000000000000002,1.75,1.8,1119
1.8,1.85,1.9000000000000001,943
1.9000000000000001,1.9500000000000002,2.0,721
2.0,2.05,2.1,604
2.1,2.1500000000000004,2.2,505
2.2,2.25,2.3000000000000003,373
2.3000000000000003,2.3500000000000005,2.4000000000000004,309
2.4000000000000004,2.45,2.5,269
2.5,2.55,2.6,199
2.6,2.6500000000000004,2.7,180
2.7,2.75,2.8000000000000003,138
2.8000000000000003,2.8500000000000005,2.9000000000000004,94
2.9000000000000004,2.95,3.0,74
3.0,3.05,3.1,57
3.1,3.1500000000000004,3.2,54
3.2,3.25,3.3000000000000003,57
3.3000000000000003,3.3500000000000005,3.4000000000000004,34
3.4000000000000004,3.45,3.5,29
3.5,3.55,3.6,32
3.6,3.6500000000000004,3.7,19
3.7,3.75,3.8000000000000003,17
3.8000000000000003,3.8500000000000005,3.9000000000000004,15
3.9000000000000004,3.95,4.0,12
4.0,4.050000000000001,4.1000000000000005,11
4.1000000000000005,4.15,4.2,10
4.2,4.25,4.3,8
4.3,4.35,4.4,3
4.4,4.45,4.5,7
4.5,4.550000000000001,4.6000000000000005,4
4.6000000000000005,4.65,4.7,8
4.7,4.75,4.800000000000001,9
4.800000000000001,4.8500000000000005,4.9,4
4.9,4.95,5.0,0
5.0,5.050000000000001,5.1000000000000005,0
5.1000000000000005,5.15,5.2,2
5.2,5.25,5.300000000000001,5
5.300000000000001,5.3500000000000005,5.4,5
5.4,5.45,5.5,1
5.5,5.550000000000001,5.6000000000000005,2
5.6000000000000005,5.65,5.7,4
5.7,5.75,5.800000000000001,0
5.800000000000001,5.8500000000000005,5.9,1
5.9,5.95,6.0,1
6.0,6.050000000000001,6.1000000000000005,1
6.1000000000000005,6.15,6.2,3
6.2,6.25,6.300000000000001,1
6.300000000000001,6.3500000000000005,6.4,2
6.4,6.45,6.5,0
6.5,6.550000000000001,6.6000000000000005,0
6.6000000000000005,6.65,6.7,1
6.7,6.75,6.800000000000001,1
6.800000000000001,6.8500000000000005,6.9,1
6.9,6.95,7.0,0
7.0,7.050000000000001,7.1000000000000005,0
7.1000000000000005,7.15,7.2,0
7.2,7.25,7.300000000000001,1
7.300000000000001,7.3500000000000005,7.4,1
7.4,7.45,7.5,0
7.5,7.550000000000001,7.6000000000000005,0
7.6000000000000005,7.65,7.7,0
7.7,7.75,7.800000000000001,1
7.800000000000001,7.8500000000000005,7.9,0
7.9,7.95,8.0,0
8.0,8.05,8.1,0
8.1,8.15,8.200000000000001,0
8.200000000000001,8.25,8.3,0
8.3,8.350000000000001,8.4,1
8.4,8.45,8.5,0
8.5,8.55,8.6,1
8.6,8.65,8.700000000000001,0
8.700000000000001,8.75,8.8,0
8.8,8.850000000000001,8.9,0
8.9,8.95,9.0,0
9.0,9.05,9.1,0
9.1,9.15,9.200000000000001,0
9.200000000000001,9.25,9.3,0
9.3,9.350000000000001,9.4,1
9.4,9.45,9.5,0
9.5,9.55,9.600000000000001,0
9.600000000000001,9.650000000000002,9.700000000000001,0
9.700000000000001,9.75,9.8,0
9.8,9.850000000000001,9.9,1
9.9,9.95,10.0,0
10.0,10.05,10.100000000000001,0
10.100000000000001,10.150000000000002,10.200000000000001,0
10.200000000000001,10.25,10.3,0
10.3,10.350000000000001,10.4,1
10.4,10.45,10.5,0
10.5,10.55,10.600000000000001,0
10.600000000000001,10.650000000000002,10.700000000000001,1
10.700000000000001,10.75,10.8,1
10.8,10.850000000000001,10.9,0
10.9,10.95,11.0,0
11.0,11.05,11.100000000000001,0
11.100000000000001,11.150000000000002,11.200000000000001,1
11.200000000000001,11.25,11.3,0
11.3,11.350000000000001,11.4,0
11.4,11.45,11.5,0
11.5,11.55,11.600000000000001,0
11.600000000000001,11.650000000000002,11.700000000000001,0
11.700000000000001,11.75,11.8,0
11.8,11.850000000000001,11.9,0
11.9,11.95,12.0,0
12.0,12.05,12.100000000000001,0
12.100000000000001,12.150000000000002,12.200000000000001,0
12.200000000000001,12.25,12.3,1
12.3,12.350000000000001,12.4,0
12.4,12.45,12.5,0
12.5,12.55,12.600000000000001,0
12.600000000000001,12.650000000000002,12.700000000000001,0
12.700000000000001,12.75,12.8,0
12.8,12.850000000000001,12.9,0
12.9,12.95,13.0,0
13.0,13.05,13.100000000000001,0
13.100000000000001,13.150000000000002,13.200000000000001,0
13.200000000000001,13.25,13.3,0
13.3,13.350000000000001,13.4,0
13.4,13.45,13.5,0
13.5,13.55,13.600000000000001,0
13.600000000000001,13.650000000000002,13.700000000000001,0
13.700000000000001,13.75,13.8,0
13.8,13.850000000000001,13.9,0
13.9,13.95,14.0,0
14.0,14.05,14.100000000000001,0
14.100000000000001,14.150000000000002,14.200000000000001,0
14.200000000000001,14.25,14.3,0
14.3,14.350000000000001,14.4,0
14.4,14.45,14.5,0
14.5,14.55,14.600000000000001,0
14.600000000000001,14.650000000000002,14.700000000000001,0
14.700000000000001,14.75,14.8,0
14.8,14.850000000000001,14.9,0
14.9,14.95,15.0,0
15.0,15.05,15.100000000000001,0
15.100000000000001,15.150000000000002,15.200000000000001,0
15.200000000000001,15.25,15.3,0
15.3,15.350000000000001,15.4,0
15.4,15.45,15.5,0
15.5,15.55,15.600000000000001,0
15.600000000000001,15.650000000000002,15.700000000000001,0
15.700000000000001,15.75,15.8,0
15.8,15.850000000000001,15.9,0
15.9,15.95,16.0,0
16.0,16.05,16.1,0
16.1,16.15,16.2,0
16.2,16.25,16.3,0
16.3,16.35,16.400000000000002,0
16.400000000000002,16.450000000000003,16.5,0
16.5,16.55,16.6,0
16.6,16.65,16.7,0
16.7,16.75,16.8,0
16.8,16.85,16.900000000000002,0
16.900000000000002,16.950000000000003,17.0,0
17.0,17.05,17.1,0
17.1,17.15,17.2,0
17.2,17.25,17.3,0
17.3,17.35,17.400000000000002,0
17.400000000000002,17.450000000000003,17.5,0
17.5,17.55,17.6,0
17.6,17.65,17.7,0
17.7,17.75,17.8,0
17.8,17.85,17.900000000000002,0
17.900000000000002,17.950000000000003,18.0,0
18.0,18.05,18.1,0
18.1,18.15,18.2,0
18.2,18.25,18.3,0
18.3,18.35,18.400000000000002,0
18.400000000000002,18.450000000000003,18.5,0
18.5,18.55,18.6,0
18.6,18.65,18.7,0
18.7,18.75,18.8,0
18.8,18.85,18.900000000000002,0
18.900000000000002,18.950000000000003,19.0,0
19.0,19.05,19.1,0
19.1,19.150000000000002,19.200000000000003,0
19.200000000000003,19.25,19.3,0
19.3,19.35,19.400000000000002,0
19.400000000000002,19.450000000000003,19.5,0
19.5,19.55,19.6,0
19.6,19.650000000000002,19.700000000000003,0
19.700000000000003,19.75,19.8,0
19.8,19.85,19.900000000000002,0
19.900000000000002,19.950000000000003,20.0,0
20.0,20.05,20.1,0
20.1,20.150000000000002,20.200000000000003,0
20.200000000000003,20.25,20.3,0
20.3,20.35,20.400000000000002,0
20.400000000000002,20.450000000000003,20.5,0
20.5,20.55,20.6,0
20.6,20.650000000000002,20.700000000000003,0
20.700000000000003,20.75,20.8,0
20.8,20.85,20.900000000000002,0
20.900000000000002,20.950000000000003,21.0,0
21.0,21.05,21.1,0
21.1,21.150000000000002,21.200000000000003,0
21.200000000000003,21.25,21.3,1
21.3,21.35,21.400000000000002,0
21.400000000000002,21.450000000000003,21.5,0
21.5,21.55,21.6,0
21.6,21.650000000000002,21.700000000000003,0
21.700000000000003,21.75,21.8,0
21.8,21.85,21.900000000000002,0
21.900000000000002,21.950000000000003,22.0,0
22.0,22.05,22.1,0
22.1,22.150000000000002,22.200000000000003,0
22.200000000000003,22.25,22.3,0
22.3,22.35,22.400000000000002,0
22.400000000000002,22.450000000000003,22.5,0
22.5,22.55,22.6,0
22.6,22.650000000000002,22.700000000000003,0
22.700000000000003,22.75,22.8,0
22.8,22.85,22.900000000000002,0
22.900000000000002,22.950000000000003,23.0,0
23.0,23.05,23.1,0
23.1,23.150000000000002,23.200000000000003,0
23.200000000000003,23.25,23.3,0
23.3,23.35,23.400000000000002,0
23.400000000000002,23.450000000000003,23.5,0
23.5,23.55,23.6,0
23.6,23.650000000000002,23.700000000000003,0
23.700000000000003,23.75,23.8,0
23.8,23.85,23.900000000000002,0
23.900000000000002,23.950000000000003,24.0,0
24.0,24.05,24.1,0
24.1,24.150000000000002,24.200000000000003,0
24.200000000000003,24.25,24.3,0
24.3,24.35,24.400000000000002,0
24.400000000000002,24.450000000000003,24.5,0
24.5,24.55,24.6,0
24.6,24.650000000000002,24.700000000000003,0
24.700000000000003,24.75,24.8,0
24.8,24.85,24.900000000000002,0
24.900000000000002,24.950000000000003,25.0,0
25.0,25.05,25.1,1
25.1,25.150000000000002,25.200000000000003,0
25.200000000000003,25.25,25.3,0
25.3,25.35,25.400000000000002,0
25.400000000000002,25.450000000000003,25.5,0
25.5,25.55,25.6,0
25.6,25.650000000000002,25.700000000000003,0
25.700000000000003,25.75,25.8,0
25.8,25.85,25.900000000000002,0
25.900000000000002,25.950000000000003,26.0,0
26.0,26.05,26.1,0
26.1,26.150000000000002,26.200000000000003,0
26.200000000000003,26.25,26.3,0
26.3,26.35,26.400000000000002,0
26.400000000000002,26.450000000000003,26.5,1
26.5,26.55,26.6,0
26.6,26.650000000000002,26.700000000000003,0
26.700000000000003,26.75,26.8,0
26.8,26.85,26.900000000000002,0
26.900000000000002,26.950000000000003,27.0,0
27.0,27.05,27.1,0
27.1,27.150000000000002,27.200000000000003,0
27.200000000000003,27.25,27.3,0
27.3,27.35,27.400000000000002,0
27.400000000000002,27.450000000000003,27.5,0
27.5,27.55,27.6,0
27.6,27.650000000000002,27.700000000000003,0
27.700000000000003,27.75,27.8,0
27.8,27.85,27.900000000000002,0
27.900000000000002,27.950000000000003,28.0,0
28.0,28.05,28.1,0
28.1,28.150000000000002,28.200000000000003,0
28.200000000000003,28.25,28.3,0
28.3,28.35,28.400000000000002,0
28.400000000000002,28.450000000000003,28.5,0
28.5,28.55,28.6,0
28.6,28.650000000000002,28.700000000000003,0
28.700000000000003,28.75,28.8,0
28.8,28.85,28.900000000000002,0
28.900000000000002,28.950000000000003,29.0,0
29.0,29.05,29.1,0
29.1,29.150000000000002,29.200000000000003,0
29.200000000000003,29.25,29.3,0
29.3,29.35,29.400000000000002,0
29.400000000000002,29.450000000000003,29.5,0
29.5,29.55,29.6,0
29.6,29.650000000000002,29.700000000000003,0
29.700000000000003,29.75,29.8,0
29.8,29.85,29.900000000000002,0
29.900000000000002,29.950000000000003,30.0,0
30.0,30.05,30.1,0
30.1,30.150000000000002,30.200000000000003,0
30.200000000000003,30.25,30.3,0
30.3,30.35,30.400000000000002,1
30.400000000000002,30.450000000000003,30.5,0
30.5,30.55,30.6,0
30.6,30.650000000000002,30.700000000000003,0
30.700000000000003,30.75,30.8,0
30.8,30.85,30.900000000000002,0
30.900000000000002,30.950000000000003,31.0,0
31.0,31.05,31.1,0
31.1,31.150000000000002,31.200000000000003,0
31.200000000000003,31.25,31.3,0
31.3,31.35,31.400000000000002,0
31.400000000000002,31.450000000000003,31.5,0
31.5,31.55,31.6,0
31.6,31.650000000000002,31.700000000000003,0
31.700000000000003,31.75,31.8,0
31.8,31.85,31.900000000000002,0
31.900000000000002,31.950000000000003,32.0,0
32.0,32.05,32.1,0
32.1,32.150000000000006,32.2,0
32.2,32.25,32.300000000000004,0
32.300000000000004,32.35,32.4,0
32.4,32.45,32.5,0
32.5,32.55,32.6,0
32.6,32.650000000000006,32.7,0
32.7,32.75,32.800000000000004,0
32.800000000000004,32.85,32.9,0
32.9,32.95,33.0,0
33.0,33.05,33.1,0
33.1,33.150000000000006,33.2,0
33.2,33.25,33.300000000000004,0
33.300000000000004,33.35,33.4,0
33.4,33.45,33.5,0
33.5,33.55,33.6,1
33.6,33.650000000000006,33.7,0
33.7,33.75,33.800000000000004,0
33.800000000000004,33.85,33.9,0
33.9,33.95,34.0,0
34.0,34.05,34.1,0
34.1,34.150000000000006,34.2,0
34.2,34.25,34.300000000000004,0
34.300000000000004,34.35,34.4,0
34.4,34.45,34.5,0
34.5,34.55,34.6,0
34.6,34.650000000000006,34.7,0
34.7,34.75,34.800000000000004,0
34.800000000000004,34.85,34.9,0
34.9,34.95,35.0,0
35.0,35.05,35.1,0
35.1,35.150000000000006,35.2,0
35.2,35.25,35.300000000000004,0
35.300000000000004,35.35,35.4,0
35.4,35.45,35.5,0
35.5,35.55,35.6,0
35.6,35.650000000000006,35.7,0
35.7,35.75,35.800000000000004,0
35.800000000000004,35.85,35.9,0
35.9,35.95,36.0,0
36.0,36.05,36.1,0
36.1,36.150000000000006,36.2,0
36.2,36.25,36.300000000000004,0
36.300000000000004,36.35,36.4,0
36.4,36.45,36.5,0
36.5,36.55,36.6,0
36.6,36.650000000000006,36.7,0
36.7,36.75,36.800000000000004,0
36.800000000000004,36.85,36.9,0
36.9,36.95,37.0,0
37.0,37.05,37.1,0
37.1,37.150000000000006,37.2,0
37.2,37.25,37.300000000000004,0
37.300000000000004,37.35,37.4,0
37.4,37.45,37.5,0
37.5,37.55,37.6,0
37.6,37.650000000000006,37.7,0
37.7,37.75,37.800000000000004,0
37.800000000000004,37.85,37.9,0
37.9,37.95,38.0,0
38.0,38.05,38.1,0
38.1,38.150000000000006,38.2,0
38.2,38.25,38.300000000000004,0
38.300000000000004,38.35000000000001,38.400000000000006,0
38.400000000000006,38.45,38.5,0
38.5,38.55,38.6,0
38.6,38.650000000000006,38.7,0
38.7,38.75,38.800000000000004,0
38.800000000000004,38.85000000000001,38.900000000000006,0
38.900000000000006,38.95,39.0,0
39.0,39.05,39.1,0
39.1,39.150000000000006,39.2,0
39.2,39.25,39.300000000000004,0
39.300000000000004,39.35000000000001,39.400000000000006,0
39.400000000000006,39.45,39.5,0
39.5,39.55,39.6,0
39.6,39.650000000000006,39.7,0
39.7,39.75,39.800000000000004,0
39.800000000000004,39.85000000000001,39.900000000000006,1
39.900000000000006,39.95,40.0,0
40.0,40.05,40.1,0
40.1,40.150000000000006,40.2,0
40.2,40.25,40.300000000000004,1
40.300000000000004,40.35000000000001,40.400000000000006,0
40.400000000000006,40.45,40.5,0
40.5,40.55,40.6,0
40.6,40.650000000000006,40.7,0
40.7,40.75,40.800000000000004,0
40.800000000000004,40.85000000000001,40.900000000000006,0
40.900000000000006,40.95,41.0,0
41.0,41.05,41.1,0
41.1,41.150000000000006,41.2,0
41.2,41.25,41.300000000000004,0
41.300000000000004,41.35000000000001,41.400000000000006,0
41.400000000000006,41.45,41.5,0
41.5,41.55,41.6,0
41.6,41.650000000000006,41.7,0
41.7,41.75,41.800000000000004,0
41.800000000000004,41.85000000000001,41.900000000000006,0
41.900000000000006,41.95,42.0,0
42.0,42.05,42.1,0
42.1,42.150000000000006,42.2,0
42.2,42.25,42.300000000000004,0
42.300000000000004,42.35000000000001,42.400000000000006,0
42.400000000000006,42.45,42.5,0
42.5,42.55,42.6,0
42.6,42.650000000000006,42.7,0
42.7,42.75,42.800000000000004,0
42.800000000000004,42.85000000000001,42.900000000000006,0
42.900000000000006,42.95,43.0,0
43.0,43.05,43.1,0
43.1,43.150000000000006,43.2,0
43.2,43.25,43.300000000000004,0
43.300000000000004,43.35000000000001,43.400000000000006,0
43.400000000000006,43.45,43.5,0
43.5,43.55,43.6,0
43.6,43.650000000000006,43.7,0
43.7,43.75,43.800000000000004,0
43.800000000000004,43.85000000000001,43.900000000000006,0
43.900000000000006,43.95,44.0,0
44.0,44.05,44.1,0
44.1,44.150000000000006,44.2,0
44.2,44.25,44.300000000000004,0
44.300000000000004,44.35000000000001,44.400000000000006,0
44.400000000000006,44.45,44.5,0
44.5,44.55,44.6,0
44.6,44.650000000000006,44.7,0
44.7,44.75,44.800000000000004,0
44.800000000000004,44.85000000000001,44.900000000000006,0
44.900000000000006,44.95,45.0,0
45.0,45.05,45.1,0
45.1,45.150000000000006,45.2,0
45.2,45.25,45.300000000000004,0
45.300000000000004,45.35000000000001,45.400000000000006,0
45.400000000000006,45.45,45.5,0
45.5,45.55,45.6,0
45.6,45.650000000000006,45.7,0
45.7,45.75,45.800000000000004,0
45.800000000000004,45.85000000000001,45.900000000000006,0
45.900000000000006,45.95,46.0,0
46.0,46.05,46.1,0
46.1,46.150000000000006,46.2,0
46.2,46.25,46.300000000000004,0
46.300000000000004,46.35000000000001,46.400000000000006,0
46.400000000000006,46.45,46.5,0
46.5,46.55,46.6,0
46.6,46.650000000000006,46.7,0
46.7,46.75,46.800000000000004,0
46.800000000000004,46.85000000000001,46.900000000000006,0
46.900000000000006,46.95,47.0,0
47.0,47.05,47.1,0
47.1,47.150000000000006,47.2,0
47.2,47.25,47.300000000000004,0
47.300000000000004,47.35000000000001,47.400000000000006,0
47.400000000000006,47.45,47.5,0
47.5,47.55,47.6,0
47.6,47.650000000000006,47.7,0
47.7,47.75,47.800000000000004,0
47.800000000000004,47.85000000000001,47.900000000000006,0
47.900000000000006,47.95,48.0,1
48.0,48.05,48.1,0
48.1,48.150000000000006,48.2,0
48.2,48.25,48.300000000000004,0
48.300000000000004,48.35000000000001,48.400000000000006,0
48.400000000000006,48.45,48.5,0
48.5,48.55,48.6,1
48.6,48.650000000000006,48.7,0
48.7,48.75,48.800000000000004,0
48.800000000000004,48.85000000000001,48.900000000000006,0
48.900000000000006,48.95,49.0,0
49.0,49.05,49.1,0
49.1,49.150000000000006,49.2,0
49.2,49.25,49.300000000000004,0
49.300000000000004,49.35000000000001,49.400000000000006,0
49.400000000000006,49.45,49.5,0
49.5,49.55,49.6,0
49.6,49.650000000000006,49.7,0
49.7,49.75,49.800000000000004,0
49.800000000000004,49.85000000000001,49.900000000000006,0
49.900000000000006,49.95,50.0,0
50.0,50.05,50.1,0
50.1,50.150000000000006,50.2,0
50.2,50.25,50.300000000000004,0
50.300000000000004,50.35000000000001,50.400000000000006,0
50.400000000000006,50.45,50.5,0
50.5,50.55,50.6,0
50.6,50.650000000000006,50.7,0
50.7,50.75,50.800000000000004,0
50.800000000000004,50.85000000000001,50.900000000000006,0
50.900000000000006,50.95,51.0,0
51.0,51.05,51.1,0
51.1,51.150000000000006,51.2,0
51.2,51.25,51.300000000000004,0
51.300000000000004,51.35000000000001,51.400000000000006,0
51.400000000000006,51.45,51.5,0
51.5,51.55,51.6,0
51.6,51.650000000000006,51.7,0
51.7,51.75,51.800000000000004,1
51.800000000000004,51.85000000000001,51.900000000000006,1
51.900000000000006,51.95,52.0,0
52.0,52.05,52.1,0
52.1,52.150000000000006,52.2,0
52.2,52.25,52.300000000000004,0
52.300000000000004,52.35000000000001,52.400000000000006,0
52.400000000000006,52.45,52.5,0
52.5,52.55,52.6,0
52.6,52.650000000000006,52.7,0
52.7,52.75,52.800000000000004,0
52.800000000000004,52.85000000000001,52.900000000000006,0
52.900000000000006,52.95,53.0,0
53.0,53.05,53.1,0
53.1,53.150000000000006,53.2,0
53.2,53.25,53.300000000000004,0
53.300000000000004,53.35000000000001,53.400000000000006,0
53.400000000000006,53.45,53.5,0
53.5,53.55,53.6,0
53.6,53.650000000000006,53.7,1
53.7,53.75,53.800000000000004,0
53.800000000000004,53.85000000000001,53.900000000000006,0
53.900000000000006,53.95,54.0,0
54.0,54.05,54.1,0
54.1,54.150000000000006,54.2,0
54.2,54.25,54.300000000000004,0
54.300000000000004,54.35000000000001,54.400000000000006,0
54.400000000000006,54.45,54.5,0
54.5,54.55,54.6,0
54.6,54.650000000000006,54.7,0
54.7,54.75,54.800000000000004,0
54.800000000000004,54.85000000000001,54.900000000000006,0
54.900000000000006,54.95,55.0,0
55.0,55.05,55.1,0
55.1,55.150000000000006,55.2,0
55.2,55.25,55.300000000000004,0
55.300000000000004,55.35000000000001,55.400000000000006,0
55.400000000000006,55.45,55.5,0
55.5,55.55,55.6,0
55.6,55.650000000000006,55.7,0
55.7,55.75,55.800000000000004,0
55.800000000000004,55.85000000000001,55.900000000000006,0
55.900000000000006,55.95,56.0,0
56.0,56.05,56.1,0
56.1,56.150000000000006,56.2,0
56.2,56.25,56.300000000000004,0
56.300000000000004,56.35000000000001,56.400000000000006,0
56.400000000000006,56.45,56.5,0
56.5,56.55,56.6,0
56.6,56.650000000000006,56.7,0
56.7,56.75,56.800000000000004,0
56.800000000000004,56.85000000000001,56.900000000000006,0
56.900000000000006,56.95,57.0,0
57.0,57.05,57.1,0
57.1,57.150000000000006,57.2,0
57.2,57.25,57.300000000000004,0
57.300000000000004,57.35000000000001,57.400000000000006,0
57.400000000000006,57.45,57.5,0
57.5,57.55,57.6,0
57.6,57.650000000000006,57.7,0
57.7,57.75,57.800000000000004,0
57.800000000000004,57.85000000000001,57.900000000000006,0
57.900000000000006,57.95,58.0,0
58.0,58.05,58.1,0
58.1,58.150000000000006,58.2,0
58.2,58.25,58.300000000000004,0
58.300000000000004,58.35000000000001,58.400000000000006,0
58.400000000000006,58.45,58.5,0
58.5,58.55,58.6,0
58.6,58.650000000000006,58.7,0
58.7,58.75,58.800000000000004,0
58.800000000000004,58.85000000000001,58.900000000000006,0
58.900000000000006,58.95,59.0,0
59.0,59.05,59.1,0
59.1,59.150000000000006,59.2,0
59.2,59.25,59.300000000000004,0
59.300000000000004,59.35000000000001,59.400000000000006,0
59.400000000000006,59.45,59.5,0
59.5,59.55,59.6,0
59.6,59.650000000000006,59.7,0
59.7,59.75,59.800000000000004,0
59.800000000000004,59.85000000000001,59.900000000000006,0
59.900000000000006,59.95,60.0,0
60.0,60.05,60.1,0
60.1,60.150000000000006,60.2,0
60.2,60.25,60.300000000000004,0
60.300000000000004,60.35000000000001,60.400000000000006,0
60.400000000000006,60.45,60.5,0
60.5,60.55,60.6,0
60.6,60.650000000000006,60.7,0
60.7,60.75,60.800000000000004,0
60.800000000000004,60.85000000000001,60.900000000000006,0
60.900000000000006,60.95,61.0,0
61.0,61.05,61.1,0
61.1,61.150000000000006,61.2,0
61.2,61.25,61.300000000000004,0
61.300000000000004,61.35000000000001,61.400000000000006,0
61.400000000000006,61.45,61.5,0
61.5,61.55,61.6,0
61.6,61.650000000000006,61.7,0
61.7,61.75,61.800000000000004,0
61.800000000000004,61.85000000000001,61.900000000000006,0
61.900000000000006,61.95,62.0,0
62.0,62.05,62.1,0
62.1,62.150000000000006,62.2,0
62.2,62.25,62.300000000000004,0
62.300000000000004,62.35000000000001,62.400000000000006,0
62.400000000000006,62.45,62.5,0
62.5,62.55,62.6,0
62.6,62.650000000000006,62.7,0
62.7,62.75,62.800000000000004,0
62.800000000000004,62.85000000000001,62.900000000000006,0
62.900000000000006,62.95,63.0,0
63.0,63.05,63.1,0
63.1,63.150000000000006,63.2,0
63.2,63.25,63.300000000000004,0
63.300000000000004,63.35000000000001,63.400000000000006,0
63.400000000000006,63.45,63.5,0
63.5,63.55,63.6,0
63.6,63.650000000000006,63.7,0
63.7,63.75,63.800000000000004,0
63.800000000000004,63.85000000000001,63.900000000000006,0
63.900000000000006,63.95,64.0,0
64.0,64.05000000000001,64.10000000000001,0
64.10000000000001,64.15,64.2,0
64.2,64.25,64.3,0
64.3,64.35,64.4,0
64.4,64.45,64.5,0
64.5,64.55000000000001,64.60000000000001,0
64.60000000000001,64.65,64.7,0
64.7,64.75,64.8,0
64.8,64.85,64.9,0
64.9,64.95,65.0,0
65.0,65.05000000000001,65.10000000000001,0
65.10000000000001,65.15,65.2,0
65.2,65.25,65.3,0
65.3,65.35,65.4,0
65.4,65.45,65.5,0
65.5,65.55000000000001,65.60000000000001,0
65.60000000000001,65.65,65.7,0
65.7,65.75,65.8,0
65.8,65.85,65.9,0
65.9,65.95,66.0,0
66.0,66.05000000000001,66.10000000000001,0
66.10000000000001,66.15,66.2,0
66.2,66.25,66.3,0
66.3,66.35,66.4,0
66.4,66.45,66.5,0
66.5,66.55000000000001,66.60000000000001,0
66.60000000000001,66.65,66.7,0
66.7,66.75,66.8,0
66.8,66.85,66.9,0
66.9,66.95,67.0,0
67.0,67.05000000000001,67.10000000000001,0
67.10000000000001,67.15,67.2,0
67.2,67.25,67.3,0
67.3,67.35,67.4,0
67.4,67.45,67.5,0
67.5,67.55000000000001,67.60000000000001,0
67.60000000000001,67.65,67.7,0
67.7,67.75,67.8,0
67.8,67.85,67.9,0
67.9,67.95,68.0,0
68.0,68.05000000000001,68.10000000000001,0
68.10000000000001,68.15,68.2,0
68.2,68.25,68.3,0
68.3,68.35,68.4,0
68.4,68.45,68.5,0
68.5,68.55000000000001,68.60000000000001,0
68.60000000000001,68.65,68.7,0
68.7,68.75,68.8,0
68.8,68.85,68.9,0
68.9,68.95,69.0,0
69.0,69.05000000000001,69.10000000000001,0
69.10000000000001,69.15,69.2,0
69.2,69.25,69.3,0
69.3,69.35,69.4,0
69.4,69.45,69.5,0
69.5,69.55000000000001,69.60000000000001,0
69.60000000000001,69.65,69.7,0
69.7,69.75,69.8,0
69.8,69.85,69.9,0
69.9,69.95,70.0,0
70.0,70.05000000000001,70.10000000000001,0
70.10000000000001,70.15,70.2,0
70.2,70.25,70.3,0
70.3,70.35,70.4,0
70.4,70.45,70.5,0
70.5,70.55000000000001,70.60000000000001,0
70.60000000000001,70.65,70.7,0
70.7,70.75,70.8,0
70.8,70.85,70.9,0
70.9,70.95,71.0,0
71.0,71.05000000000001,71.10000000000001,0
71.10000000000001,71.15,71.2,0
71.2,71.25,71.3,0
71.3,71.35,71.4,0
71.4,71.45,71.5,0
71.5,71.55000000000001,71.60000000000001,0
71.60000000000001,71.65,71.7,1
71.7,71.75,71.8,0
71.8,71.85,71.9,0
71.9,71.95,72.0,0
72.0,72.05000000000001,72.10000000000001,0
72.10000000000001,72.15,72.2,0
72.2,72.25,72.3,0
72.3,72.35,72.4,0
72.4,72.45,72.5,0
72.5,72.55000000000001,72.60000000000001,0
72.60000000000001,72.65,72.7,0
72.7,72.75,72.8,0
72.8,72.85,72.9,0
72.9,72.95,73.0,0
73.0,73.05000000000001,73.10000000000001,0
73.10000000000001,73.15,73.2,0
73.2,73.25,73.3,0
73.3,73.35,73.4,0
73.4,73.45,73.5,0
73.5,73.55000000000001,73.60000000000001,0
73.60000000000001,73.65,73.7,0
73.7,73.75,73.8,1
73.8,73.85,73.9,0
73.9,73.95,74.0,0
74.0,74.05000000000001,74.10000000000001,0
74.10000000000001,74.15,74.2,0
74.2,74.25,74.3,0
74.3,74.35,74.4,0
74.4,74.45,74.5,0
74.5,74.55000000000001,74.60000000000001,0
74.60000000000001,74.65,74.7,0
74.7,74.75,74.8,1
74.8,74.85,74.9,0
74.9,74.95,75.0,0
75.0,75.05000000000001,75.10000000000001,0
75.10000000000001,75.15,75.2,0
75.2,75.25,75.3,0
75.3,75.35,75.4,0
75.4,75.45,75.5,0
75.5,75.55000000000001,75.60000000000001,0
75.60000000000001,75.65,75.7,0
75.7,75.75,75.8,0
75.8,75.85,75.9,0
75.9,75.95,76.0,0
76.0,76.05000000000001,76.10000000000001,0
76.10000000000001,76.15,76.2,0
76.2,76.25,76.3,0
76.3,76.35,76.4,0
76.4,76.45,76.5,0
76.5,76.55000000000001,76.60000000000001,0
76.60000000000001,76.65,76.7,0
76.7,76.75,76.80000000000001,0
76.80000000000001,76.85000000000001,76.9,0
76.9,76.95,77.0,0
77.0,77.05000000000001,77.10000000000001,0
77.10000000000001,77.15,77.2,0
77.2,77.25,77.30000000000001,0
77.30000000000001,77.35000000000001,77.4,0
77.4,77.45,77.5,0
77.5,77.55000000000001,77.60000000000001,0
77.60000000000001,77.65,77.7,0
77.7,77.75,77.80000000000001,0
77.80000000000001,77.85000000000001,77.9,0
77.9,77.95,78.0,0
78.0,78.05000000000001,78.10000000000001,0
78.10000000000001,78.15,78.2,0
78.2,78.25,78.30000000000001,0
78.30000000000001,78.35000000000001,78.4,0
78.4,78.45,78.5,0
78.5,78.55000000000001,78.60000000000001,0
78.60000000000001,78.65,78.7,0
78.7,78.75,78.80000000000001,0
78.80000000000001,78.85000000000001,78.9,0
78.9,78.95,79.0,0
79.0,79.05000000000001,79.10000000000001,0
79.10000000000001,79.15,79.2,0
79.2,79.25,79.30000000000001,0
79.30000000000001,79.35000000000001,79.4,0
79.4,79.45,79.5,0
79.5,79.55000000000001,79.60000000000001,0
79.60000000000001,79.65,79.7,0
79.7,79.75,79.80000000000001,0
79.80000000000001,79.85000000000001,79.9,0
79.9,79.95,80.0,0
80.0,80.05000000000001,80.10000000000001,0
80.10000000000001,80.15,80.2,0
80.2,80.25,80.30000000000001,0
80.30000000000001,80.35000000000001,80.4,0
80.4,80.45,80.5,0
80.5,80.55000000000001,80.60000000000001,0
80.60000000000001,80.65,80.7,0
80.7,80.75,80.80000000000001,0
80.80000000000001,80.85000000000001,80.9,0
80.9,80.95,81.0,0
81.0,81.05000000000001,81.10000000000001,0
81.10000000000001,81.15,81.2,0
81.2,81.25,81.30000000000001,0
81.30000000000001,81.35000000000001,81.4,0
81.4,81.45,81.5,0
81.5,81.55000000000001,81.60000000000001,0
81.60000000000001,81.65,81.7,0
81.7,81.75,81.80000000000001,0
81.80000000000001,81.85000000000001,81.9,0
81.9,81.95,82.0,1
82.0,82.05000000000001,82.10000000000001,0
82.10000000000001,82.15,82.2,0
82.2,82.25,82.30000000000001,0
82.30000000000001,82.35000000000001,82.4,0
82.4,82.45,82.5,0
82.5,82.55000000000001,82.60000000000001,0
82.60000000000001,82.65,82.7,0
82.7,82.75,82.80000000000001,0
82.80000000000001,82.85000000000001,82.9,0
82.9,82.95,83.0,0
83.0,83.05000000000001,83.10000000000001,0
83.10000000000001,83.15,83.2,0
83.2,83.25,83.30000000000001,0
83.30000000000001,83.35000000000001,83.4,0
83.4,83.45,83.5,0
83.5,83.55000000000001,83.60000000000001,0
83.60000000000001,83.65,83.7,0
83.7,83.75,83.80000000000001,0
83.80000000000001,83.85000000000001,83.9,0
83.9,83.95,84.0,0
84.0,84.05000000000001,84.10000000000001,0
84.10000000000001,84.15,84.2,0
84.2,84.25,84.30000000000001,0
84.30000000000001,84.35000000000001,84.4,0
84.4,84.45,84.5,0
84.5,84.55000000000001,84.60000000000001,0
84.60000000000001,84.65,84.7,0
84.7,84.75,84.80000000000001,0
84.80000000000001,84.85000000000001,84.9,0
84.9,84.95,85.0,0
85.0,85.05000000000001,85.10000000000001,0
85.10000000000001,85.15,85.2,0
85.2,85.25,85.30000000000001,0
85.30000000000001,85.35000000000001,85.4,0
85.4,85.45,85.5,0
85.5,85.55000000000001,85.60000000000001,0
85.60000000000001,85.65,85.7,0
85.7,85.75,85.80000000000001,0
85.80000000000001,85.85000000000001,85.9,0
85.9,85.95,86.0,0
86.0,86.05000000000001,86.10000000000001,0
86.10000000000001,86.15,86.2,0
86.2,86.25,86.30000000000001,0
86.30000000000001,86.35000000000001,86.4,0
86.4,86.45,86.5,0
86.5,86.55000000000001,86.60000000000001,0
86.60000000000001,86.65,86.7,0
86.7,86.75,86.80000000000001,0
86.80000000000001,86.85000000000001,86.9,0
86.9,86.95,87.0,0
87.0,87.05000000000001,87.10000000000001,0
87.10000000000001,87.15,87.2,0
87.2,87.25,87.30000000000001,0
87.30000000000001,87.35000000000001,87.4,0
87.4,87.45,87.5,0
87.5,87.55000000000001,87.60000000000001,0
87.60000000000001,87.65,87.7,0
87.7,87.75,87.80000000000001,0
87.80000000000001,87.85000000000001,87.9,0
87.9,87.95,88.0,0
88.0,88.05000000000001,88.10000000000001,0
88.10000000000001,88.15,88.2,0
88.2,88.25,88.30000000000001,1
88.30000000000001,88.35000000000001,88.4,0
88.4,88.45,88.5,0
88.5,88.55000000000001,88.60000000000001,0
88.60000000000001,88.65,88.7,0
88.7,88.75,88.80000000000001,0
88.80000000000001,88.85000000000001,88.9,0
88.9,88.95,89.0,0
89.0,89.05000000000001,89.10000000000001,0
89.10000000000001,89.15,89.2,0
89.2,89.25,89.30000000000001,0
89.30000000000001,89.35000000000001,89.4,0
89.4,89.45,89.5,0
89.5,89.55000000000001,89.60000000000001,0
89.60000000000001,89.65,89.7,0
89.7,89.75,89.80000000000001,0
89.80000000000001,89.85000000000001,89.9,0
89.9,89.95,90.0,0
90.0,90.05000000000001,90.10000000000001,0
90.10000000000001,90.15,90.2,0
90.2,90.25,90.30000000000001,0
90.30000000000001,90.35000000000001,90.4,0
90.4,90.45,90.5,0
90.5,90.55000000000001,90.60000000000001,0
90.60000000000001,90.65,90.7,0
90.7,90.75,90.80000000000001,0
90.80000000000001,90.85000000000001,90.9,0
90.9,90.95,91.0,0
91.0,91.05000000000001,91.10000000000001,0
91.10000000000001,91.15,91.2,0
91.2,91.25,91.30000000000001,0
91.30000000000001,91.35000000000001,91.4,0
91.4,91.45,91.5,0
91.5,91.55000000000001,91.60000000000001,0
91.60000000000001,91.65,91.7,0
91.7,91.75,91.80000000000001,0
91.80000000000001,91.85000000000001,91.9,0
91.9,91.95,92.0,0
92.0,92.05000000000001,92.10000000000001,0
92.10000000000001,92.15,92.2,0
92.2,92.25,92.30000000000001,0
92.30000000000001,92.35000000000001,92.4,0
92.4,92.45,92.5,0
92.5,92.55000000000001,92.60000000000001,0
92.60000000000001,92.65,92.7,0
92.7,92.75,92.80000000000001,1
92.80000000000001,92.85000000000001,92.9,0
92.9,92.95,93.0,0
93.0,93.05000000000001,93.10000000000001,0
93.10000000000001,93.15,93.2,0
93.2,93.25,93.30000000000001,0
93.30000000000001,93.35000000000001,93.4,0
93.4,93.45,93.5,0
93.5,93.55000000000001,93.60000000000001,0
93.60000000000001,93.65,93.7,0
93.7,93.75,93.80000000000001,0
93.80000000000001,93.85000000000001,93.9,0
93.9,93.95,94.0,0
94.0,94.05000000000001,94.10000000000001,0
94.10000000000001,94.15,94.2,0
94.2,94.25,94.30000000000001,0
94.30000000000001,94.35000000000001,94.4,0
94.4,94.45,94.5,0
94.5,94.55000000000001,94.60000000000001,0
94.60000000000001,94.65,94.7,0
94.7,94.75,94.80000000000001,0
94.80000000000001,94.85000000000001,94.9,0
94.9,94.95,95.0,0
95.0,95.05000000000001,95.10000000000001,0
95.10000000000001,95.15,95.2,0
95.2,95.25,95.30000000000001,0
95.30000000000001,95.35000000000001,95.4,0
95.4,95.45,95.5,0
95.5,95.55000000000001,95.60000000000001,0
95.60000000000001,95.65,95.7,0
95.7,95.75,95.80000000000001,0
95.80000000000001,95.85000000000001,95.9,0
95.9,95.95,96.0,0
96.0,96.05000000000001,96.10000000000001,0
96.10000000000001,96.15,96.2,0
96.2,96.25,96.30000000000001,0
96.30000000000001,96.35000000000001,96.4,0
96.4,96.45,96.5,0
96.5,96.55000000000001,96.60000000000001,0
96.60000000000001,96.65,96.7,0
96.7,96.75,96.80000000000001,0
96.80000000000001,96.85000000000001,96.9,0
96.9,96.95,97.0,0
97.0,97.05000000000001,97.10000000000001,0
97.10000000000001,97.15,97.2,0
97.2,97.25,97.30000000000001,0
97.30000000000001,97.35000000000001,97.4,0
97.4,97.45,97.5,0
97.5,97.55000000000001,97.60000000000001,0
97.60000000000001,97.65,97.7,0
97.7,97.75,97.80000000000001,0
97.80000000000001,97.85000000000001,97.9,0
97.9,97.95,98.0,0
98.0,98.05000000000001,98.10000000000001,0
98.10000000000001,98.15,98.2,0
98.2,98.25,98.30000000000001,0
98.30000000000001,98.35000000000001,98.4,0
98.4,98.45,98.5,0
98.5,98.55000000000001,98.60000000000001,0
98.60000000000001,98.65,98.7,0
98.7,98.75,98.80000000000001,0
98.80000000000001,98.85000000000001,98.9,0
98.9,98.95,99.0,0
99.0,99.05000000000001,99.10000000000001,0
99.10000000000001,99.15,99.2,0
99.2,99.25,99.30000000000001,0
99.30000000000001,99.35000000000001,99.4,0
99.4,99.45,99.5,0
99.5,99.55000000000001,99.60000000000001,0
99.60000000000001,99.65,99.7,0
99.7,99.75,99.80000000000001,0
99.80000000000001,99.85000000000001,99.9,0
99.9,99.95,100.0,0
100.0,100.05000000000001,100.10000000000001,0
100.10000000000001,100.15,100.2,0
100.2,100.25,100.30000000000001,0
100.30000000000001,100.35000000000001,100.4,0
100.4,100.45,100.5,0
100.5,100.55000000000001,100.60000000000001,0
100.60000000000001,100.65,100.7,0
100.7,100.75,100.80000000000001,0
100.80000000000001,100.85000000000001,100.9,0
100.9,100.95,101.0,0
101.0,101.05000000000001,101.10000000000001,0
101.10000000000001,101.15,101.2,0
101.2,101.25,101.30000000000001,0
101.30000000000001,101.35000000000001,101.4,0
101.4,101.45,101.5,0
101.5,101.55000000000001,101.60000000000001,0
101.60000000000001,101.65,101.7,0
101.7,101.75,101.80000000000001,0
101.80000000000001,101.85000000000001,101.9,0
101.9,101.95,102.0,0
102.0,102.05000000000001,102.10000000000001,0
102.10000000000001,102.15,102.2,0
102.2,102.25,102.30000000000001,0
102.30000000000001,102.35000000000001,102.4,0
102.4,102.45,102.5,0
102.5,102.55000000000001,102.60000000000001,0
102.60000000000001,102.65,102.7,0
102.7,102.75,102.80000000000001,0
102.80000000000001,102.85000000000001,102.9,0
102.9,102.95,103.0,0
103.0,103.05000000000001,103.10000000000001,0
103.10000000000001,103.15,103.2,0
103.2,103.25,103.30000000000001,0
103.30000000000001,103.35000000000001,103.4,0
103.4,103.45,103.5,0
103.5,103.55000000000001,103.60000000000001,0
103.60000000000001,103.65,103.7,0
103.7,103.75,103.80000000000001,0
103.80000000000001,103.85000000000001,103.9,0
103.9,103.95,104.0,0
104.0,104.05000000000001,104.10000000000001,0
104.10000000000001,104.15,104.2,0
104.2,104.25,104.30000000000001,0
104.30000000000001,104.35000000000001,104.4,0
104.4,104.45,104.5,0
104.5,104.55000000000001,104.60000000000001,0
104.60000000000001,104.65,104.7,0
104.7,104.75,104.80000000000001,0
104.80000000000001,104.85000000000001,104.9,0
104.9,104.95,105.0,0
105.0,105.05000000000001,105.10000000000001,0
105.10000000000001,105.15,105.2,0
105.2,105.25,105.30000000000001,0
105.30000000000001,105.35000000000001,105.4,0
105.4,105.45,105.5,0
105.5,105.55000000000001,105.60000000000001,0
105.60000000000001,105.65,105.7,0
105.7,105.75,105.80000000000001,0
105.80000000000001,105.85000000000001,105.9,0
105.9,105.95,106.0,0
106.0,106.05000000000001,106.10000000000001,0
106.10000000000001,106.15,106.2,0
106.2,106.25,106.30000000000001,0
106.30000000000001,106.35000000000001,106.4,0
106.4,106.45,106.5,0
106.5,106.55000000000001,106.60000000000001,0
106.60000000000001,106.65,106.7,0
106.7,106.75,106.80000000000001,0
106.80000000000001,106.85000000000001,106.9,0
106.9,106.95,107.0,0
107.0,107.05000000000001,107.10000000000001,0
107.10000000000001,107.15,107.2,0
107.2,107.25,107.30000000000001,0
107.30000000000001,107.35000000000001,107.4,0
107.4,107.45,107.5,0
107.5,107.55000000000001,107.60000000000001,0
107.60000000000001,107.65,107.7,0
107.7,107.75,107.80000000000001,0
107.80000000000001,107.85000000000001,107.9,0
107.9,107.95,108.0,0
108.0,108.05000000000001,108.10000000000001,0
108.10000000000001,108.15,108.2,0
108.2,108.25,108.30000000000001,0
108.30000000000001,108.35000000000001,108.4,0
108.4,108.45,108.5,0
108.5,108.55000000000001,108.60000000000001,0
108.60000000000001,108.65,108.7,0
108.7,108.75,108.80000000000001,0
108.80000000000001,108.85000000000001,108.9,0
108.9,108.95,109.0,0
109.0,109.05000000000001,109.10000000000001,0
109.10000000000001,109.15,109.2,0
109.2,109.25,109.30000000000001,0
109.30000000000001,109.35000000000001,109.4,0
109.4,109.45,109.5,0
109.5,109.55000000000001,109.60000000000001,0
109.60000000000001,109.65,109.7,0
109.7,109.75,109.80000000000001,0
109.80000000000001,109.85000000000001,109.9,0
109.9,109.95,110.0,0
110.0,110.05000000000001,110.10000000000001,0
110.10000000000001,110.15,110.2,0
110.2,110.25,110.30000000000001,0
110.30000000000001,110.35000000000001,110.4,0
110.4,110.45,110.5,0
110.5,110.55000000000001,110.60000000000001,1
110.60000000000001,110.65,110.7,0
110.7,110.75,110.80000000000001,0
110.80000000000001,110.85000000000001,110.9,0
110.9,110.95,111.0,0
111.0,111.05000000000001,111.10000000000001,0
111.10000000000001,111.15,111.2,0
111.2,111.25,111.30000000000001,0
111.30000000000001,111.35000000000001,111.4,0
111.4,111.45,111.5,0
111.5,111.55000000000001,111.60000000000001,0
111.60000000000001,111.65,111.7,0
111.7,111.75,111.80000000000001,0
111.80000000000001,111.85000000000001,111.9,0
111.9,111.95,112.0,0
112.0,112.05000000000001,112.10000000000001,0
112.10000000000001,112.15,112.2,0
112.2,112.25,112.30000000000001,0
112.30000000000001,112.35000000000001,112.4,0
112.4,112.45,112.5,0
112.5,112.55000000000001,112.60000000000001,0
112.60000000000001,112.65,112.7,0
112.7,112.75,112.80000000000001,0
112.80000000000001,112.85000000000001,112.9,0
112.9,112.95,113.0,0
113.0,113.05000000000001,113.10000000000001,0
113.10000000000001,113.15,113.2,0
113.2,113.25,113.30000000000001,0
113.30000000000001,113.35000000000001,113.4,0
113.4,113.45,113.5,0
113.5,113.55000000000001,113.60000000000001,0
113.60000000000001,113.65,113.7,0
113.7,113.75,113.80000000000001,0
113.80000000000001,113.85000000000001,113.9,0
113.9,113.95,114.0,0
114.0,114.05000000000001,114.10000000000001,0
114.10000000000001,114.15,114.2,0
114.2,114.25,114.30000000000001,0
114.30000000000001,114.35000000000001,114.4,0
114.4,114.45,114.5,0
114.5,114.55000000000001,114.60000000000001,0
114.60000000000001,114.65,114.7,0
114.7,114.75,114.80000000000001,0
114.80000000000001,114.85000000000001,114.9,0
114.9,114.95,115.0,0
115.0,115.05000000000001,115.10000000000001,0
115.10000000000001,115.15,115.2,0
115.2,115.25,115.30000000000001,0
115.30000000000001,115.35000000000001,115.4,0
115.4,115.45,115.5,0
115.5,115.55000000000001,115.60000000000001,0
115.60000000000001,115.65,115.7,0
115.7,115.75,115.80000000000001,0
115.80000000000001,115.85000000000001,115.9,0
115.9,115.95,116.0,0
116.0,116.05000000000001,116.10000000000001,0
116.10000000000001,116.15,116.2,0
116.2,116.25,116.30000000000001,0
116.30000000000001,116.35000000000001,116.4,0
116.4,116.45,116.5,0
116.5,116.55000000000001,116.60000000000001,0
116.60000000000001,116.65,116.7,0
116.7,116.75,116.80000000000001,0
116.80000000000001,116.85000000000001,116.9,0
116.9,116.95,117.0,0
117.0,117.05000000000001,117.10000000000001,0
117.10000000000001,117.15,117.2,0
117.2,117.25,117.30000000000001,0
117.30000000000001,117.35000000000001,117.4,0
117.4,117.45,117.5,0
117.5,117.55000000000001,117.60000000000001,0
117.60000000000001,117.65,117.7,0
117.7,117.75,117.80000000000001,0
117.80000000000001,117.85000000000001,117.9,0
117.9,117.95,118.0,0
118.0,118.05000000000001,118.10000000000001,0
118.10000000000001,118.15,118.2,0
118.2,118.25,118.30000000000001,0
118.30000000000001,118.35000000000001,118.4,0
118.4,118.45,118.5,0
118.5,118.55000000000001,118.60000000000001,0
118.60000000000001,118.65,118.7,0
118.7,118.75,118.80000000000001,0
118.80000000000001,118.85000000000001,118.9,0
118.9,118.95,119.0,0
119.0,119.05000000000001,119.10000000000001,0
119.10000000000001,119.15,119.2,0
119.2,119.25,119.30000000000001,0
119.30000000000001,119.35000000000001,119.4,0
119.4,119.45,119.5,0
119.5,119.55000000000001,119.60000000000001,0
119.60000000000001,119.65,119.7,0
119.7,119.75,119.80000000000001,0
119.80000000000001,119.85000000000001,119.9,0
119.9,119.95,120.0,0
120.0,120.05000000000001,120.10000000000001,0
120.10000000000001,120.15,120.2,0
120.2,120.25,120.30000000000001,0
120.30000000000001,120.35000000000001,120.4,0
120.4,120.45,120.5,0
120.5,120.55000000000001,120.60000000000001,0
120.60000000000001,120.65,120.7,0
120.7,120.75,120.80000000000001,0
120.80000000000001,120.85000000000001,120.9,0
120.9,120.95,121.0,0
121.0,121.05000000000001,121.10000000000001,0
121.10000000000001,121.15,121.2,0
121.2,121.25,121.30000000000001,0
121.30000000000001,121.35000000000001,121.4,0
121.4,121.45,121.5,0
121.5,121.55000000000001,121.60000000000001,0
121.60000000000001,121.65,121.7,0
121.7,121.75,121.80000000000001,0
121.80000000000001,121.85000000000001,121.9,0
121.9,121.95,122.0,0
122.0,122.05000000000001,122.10000000000001,0
122.10000000000001,122.15,122.2,0
122.2,122.25,122.30000000000001,0
122.30000000000001,122.35000000000001,122.4,0
122.4,122.45,122.5,0
122.5,122.55000000000001,122.60000000000001,0
122.60000000000001,122.65,122.7,0
122.7,122.75,122.80000000000001,0
122.80000000000001,122.85000000000001,122.9,0
122.9,122.95,123.0,0
123.0,123.05000000000001,123.10000000000001,0
123.10000000000001,123.15,123.2,0
123.2,123.25,123.30000000000001,0
123.30000000000001,123.35000000000001,123.4,0
123.4,123.45,123.5,0
123.5,123.55000000000001,123.60000000000001,0
123.60000000000001,123.65,123.7,0
123.7,123.75,123.80000000000001,0
123.80000000000001,123.85000000000001,123.9,0
123.9,123.95,124.0,0
124.0,124.05000000000001,124.10000000000001,0
124.10000000000001,124.15,124.2,0
124.2,124.25,124.30000000000001,0
124.30000000000001,124.35000000000001,124.4,0
124.4,124.45,124.5,0
124.5,124.55000000000001,124.60000000000001,0
124.60000000000001,124.65,124.7,0
124.7,124.75,124.80000000000001,0
124.80000000000001,124.85000000000001,124.9,0
124.9,124.95,125.0,0
125.0,125.05000000000001,125.10000000000001,0
125.10000000000001,125.15,125.2,0
125.2,125.25,125.30000000000001,0
125.30000000000001,125.35000000000001,125.4,0
125.4,125.45,125.5,0
125.5,125.55000000000001,125.60000000000001,0
125.60000000000001,125.65,125.7,0
125.7,125.75,125.80000000000001,0
125.80000000000001,125.85000000000001,125.9,0
125.9,125.95,126.0,0
126.0,126.05000000000001,126.10000000000001,0
126.10000000000001,126.15,126.2,0
126.2,126.25,126.30000000000001,0
126.30000000000001,126.35000000000001,126.4,0
126.4,126.45,126.5,0
126.5,126.55000000000001,126.60000000000001,0
126.60000000000001,126.65,126.7,0
126.7,126.75,126.80000000000001,0
126.80000000000001,126.85000000000001,126.9,0
126.9,126.95,127.0,0
127.0,127.05000000000001,127.10000000000001,0
127.10000000000001,127.15,127.2,0
127.2,127.25,127.30000000000001,0
127.30000000000001,127.35000000000001,127.4,0
127.4,127.45,127.5,0
127.5,127.55000000000001,127.60000000000001,0
127.60000000000001,127.65,127.7,0
127.7,127.75,127.80000000000001,0
127.80000000000001,127.85000000000001,127.9,0
127.9,127.95,128.0,0
128.0,128.05,128.1,0
128.1,128.15,128.20000000000002,0
128.20000000000002,128.25,128.3,0
128.3,128.35000000000002,128.4,0
128.4,128.45,128.5,0
128.5,128.55,128.6,0
128.6,128.65,128.70000000000002,0
128.70000000000002,128.75,128.8,0
128.8,128.85000000000002,128.9,0
128.9,128.95,129.0,0
129.0,129.05,129.1,0
129.1,129.15,129.20000000000002,0
129.20000000000002,129.25,129.3,0
129.3,129.35000000000002,129.4,0
129.4,129.45,129.5,0
129.5,129.55,129.6,0
129.6,129.65,129.70000000000002,0
129.70000000000002,129.75,129.8,0
129.8,129.85000000000002,129.9,0
129.9,129.95,130.0,0
130.0,130.05,130.1,0
130.1,130.15,130.20000000000002,0
130.20000000000002,130.25,130.3,0
130.3,130.35000000000002,130.4,0
130.4,130.45,130.5,0
130.5,130.55,130.6,0
130.6,130.65,130.70000000000002,0
130.70000000000002,130.75,130.8,0
130.8,130.85000000000002,130.9,0
130.9,130.95,131.0,0
131.0,131.05,131.1,0
131.1,131.15,131.20000000000002,0
131.20000000000002,131.25,131.3,0
131.3,131.35000000000002,131.4,0
131.4,131.45,131.5,0
131.5,131.55,131.6,0
131.6,131.65,131.70000000000002,0
131.70000000000002,131.75,131.8,0
131.8,131.85000000000002,131.9,0
131.9,131.95,132.0,0
132.0,132.05,132.1,0
132.1,132.15,132.20000000000002,0
132.20000000000002,132.25,132.3,0
132.3,132.35000000000002,132.4,0
132.4,132.45,132.5,0
132.5,132.55,132.6,0
132.6,132.65,132.70000000000002,0
132.70000000000002,132.75,132.8,0
132.8,132.85000000000002,132.9,0
132.9,132.95,133.0,0
133.0,133.05,133.1,0
133.1,133.15,133.20000000000002,0
133.20000000000002,133.25,133.3,0
133.3,133.35000000000002,133.4,0
133.4,133.45,133.5,0
133.5,133.55,133.6,0
133.6,133.65,133.70000000000002,0
133.70000000000002,133.75,133.8,0
133.8,133.85000000000002,133.9,0
133.9,133.95,134.0,0
134.0,134.05,134.1,0
134.1,134.15,134.20000000000002,0
134.20000000000002,134.25,134.3,0
134.3,134.35000000000002,134.4,0
134.4,134.45,134.5,0
134.5,134.55,134.6,0
134.6,134.65,134.70000000000002,0
134.70000000000002,134.75,134.8,0
134.8,134.85000000000002,134.9,0
134.9,134.95,135.0,0
135.0,135.05,135.1,0
135.1,135.15,135.20000000000002,0
135.20000000000002,135.25,135.3,0
135.3,135.35000000000002,135.4,0
135.4,135.45,135.5,0
135.5,135.55,135.6,0
135.6,135.65,135.70000000000002,0
135.70000000000002,135.75,135.8,0
135.8,135.85000000000002,135.9,0
135.9,135.95,136.0,0
136.0,136.05,136.1,0
136.1,136.15,136.20000000000002,0
136.20000000000002,136.25,136.3,0
136.3,136.35000000000002,136.4,0
136.4,136.45,136.5,0
136.5,136.55,136.6,0
136.6,136.65,136.70000000000002,0
136.70000000000002,136.75,136.8,0
136.8,136.85000000000002,136.9,0
136.9,136.95,137.0,0
137.0,137.05,137.1,0
137.1,137.15,137.20000000000002,0
137.20000000000002,137.25,137.3,0
137.3,137.35000000000002,137.4,0
137.4,137.45,137.5,0
137.5,137.55,137.6,0
137.6,137.65,137.70000000000002,0
137.70000000000002,137.75,137.8,0
137.8,137.85000000000002,137.9,0
137.9,137.95,138.0,0
138.0,138.05,138.1,0
138.1,138.15,138.20000000000002,0
138.20000000000002,138.25,138.3,0
138.3,138.35000000000002,138.4,0
138.4,138.45,138.5,0
138.5,138.55,138.6,0
138.6,138.65,138.70000000000002,0
138.70000000000002,138.75,138.8,0
138.8,138.85000000000002,138.9,0
138.9,138.95,139.0,0
139.0,139.05,139.1,0
139.1,139.15,139.20000000000002,0
139.20000000000002,139.25,139.3,0
139.3,139.35000000000002,139.4,0
139.4,139.45,139.5,0
139.5,139.55,139.6,0
139.6,139.65,139.70000000000002,0
139.70000000000002,139.75,139.8,0
139.8,139.85000000000002,139.9,0
139.9,139.95,140.0,0
140.0,140.05,140.1,0
140.1,140.15,140.20000000000002,0
140.20000000000002,140.25,140.3,0
140.3,140.35000000000002,140.4,0
140.4,140.45,140.5,0
140.5,140.55,140.6,0
140.6,140.65,140.70000000000002,0
140.70000000000002,140.75,140.8,0
140.8,140.85000000000002,140.9,0
140.9,140.95,141.0,0
141.0,141.05,141.1,0
141.1,141.15,141.20000000000002,0
141.20000000000002,141.25,141.3,0
141.3,141.35000000000002,141.4,0
141.4,141.45,141.5,0
141.5,141.55,141.6,0
141.6,141.65,141.70000000000002,0
141.70000000000002,141.75,141.8,0
141.8,141.85000000000002,141.9,0
141.9,141.95,142.0,0
142.0,142.05,142.1,0
142.1,142.15,142.20000000000002,0
142.20000000000002,142.25,142.3,0
142.3,142.35000000000002,142.4,0
142.4,142.45,142.5,0
142.5,142.55,142.6,0
142.6,142.65,142.70000000000002,0
142.70000000000002,142.75,142.8,0
142.8,142.85000000000002,142.9,0
142.9,142.95,143.0,0
143.0,143.05,143.1,0
143.1,143.15,143.20000000000002,0
143.20000000000002,143.25,143.3,0
143.3,143.35000000000002,143.4,0
143.4,143.45,143.5,0
143.5,143.55,143.6,0
143.6,143.65,143.70000000000002,0
143.70000000000002,143.75,143.8,0
143.8,143.85000000000002,143.9,0
143.9,143.95,144.0,0
144.0,144.05,144.1,0
144.1,144.15,144.20000000000002,0
144.20000000000002,144.25,144.3,0
144.3,144.35000000000002,144.4,0
144.4,144.45,144.5,0
144.5,144.55,144.6,0
144.6,144.65,144.70000000000002,0
144.70000000000002,144.75,144.8,0
144.8,144.85000000000002,144.9,0
144.9,144.95,145.0,0
145.0,145.05,145.1,0
145.1,145.15,145.20000000000002,0
145.20000000000002,145.25,145.3,0
145.3,145.35000000000002,145.4,0
145.4,145.45,145.5,0
145.5,145.55,145.6,0
145.6,145.65,145.70000000000002,0
145.70000000000002,145.75,145.8,0
145.8,145.85000000000002,145.9,0
145.9,145.95,146.0,0
146.0,146.05,146.1,0
146.1,146.15,146.20000000000002,0
146.20000000000002,146.25,146.3,0
146.3,146.35000000000002,146.4,0
146.4,146.45,146.5,0
146.5,146.55,146.6,0
146.6,146.65,146.70000000000002,0
146.70000000000002,146.75,146.8,0
146.8,146.85000000000002,146.9,0
146.9,146.95,147.0,0
147.0,147.05,147.1,0
147.1,147.15,147.20000000000002,0
147.20000000000002,147.25,147.3,0
147.3,147.35000000000002,147.4,0
147.4,147.45,147.5,0
147.5,147.55,147.6,0
147.6,147.65,147.70000000000002,0
147.70000000000002,147.75,147.8,0
147.8,147.85000000000002,147.9,0
147.9,147.95,148.0,0
148.0,148.05,148.1,0
148.1,148.15,148.20000000000002,0
148.20000000000002,148.25,148.3,0
148.3,148.35000000000002,148.4,0
148.4,148.45,148.5,0
148.5,148.55,148.6,0
148.6,148.65,148.70000000000002,1
